Activation Function,Test Loss,Test Accuracy
relu,2.8461616039276123,0.32190001010894775
tanh,2.5338075160980225,0.35850000381469727
sigmoid,3.167348861694336,0.22499999403953552
hcLSH,4.253180503845215,0.3244999945163727
penalized_tanh,2.4076437950134277,0.41190001368522644
eliSH,4.605429649353027,0.009999999776482582
mish,3.9952714443206787,0.335099995136261
rsigelu,3.137097120285034,0.33959999680519104
tanh_exp,3.1720833778381348,0.35420000553131104
