Activation Function,Test Loss,Test Accuracy
relu,0.4952160120010376,0.9186999797821045
