Activation Function,Test Loss,Test Accuracy
relu,0.4952160120010376,0.9186999797821045
tanh,0.34221500158309937,0.9049999713897705
sigmoid,0.5007062554359436,0.8562999963760376
hcLSH,0.41946104168891907,0.9182000160217285
penalized_tanh,0.3313186466693878,0.9199000000953674
eliSH,0.42734208703041077,0.914900004863739
mish,0.5667107701301575,0.9118000268936157
rsigelu,0.5755881071090698,0.9189000129699707
tanh_exp,nan,0.10000000149011612
gcu,53.27534866333008,0.10930000245571136
